id,macro_region,state_ut,district,hotspot_name,latitude,longitude,priority_for_screening,hotspot_type,dataset_type,coordinate_role,not_an_active_event,not_an_authoritative_landslide_inventory,display_rule,source_basis
HIM-001,Himalayas,Jammu & Kashmir,Ramban,Ramban-Banihal corridor,33.2433,75.243,high,highway_corridor,representative_hotspot_reference,approximate_cluster_reference_point,True,True,Reference cluster only; use dynamic 7-color status only when supported by authoritative/current evidence.,Curated representative shortlist informed by ISRO/NRSC Landslide Atlas coverage and regional landslide-prone terrain; replace/augment with authoritative event geometries for production.
HIM-002,Himalayas,Jammu & Kashmir,Ramban,Banihal,33.42,75.18,high,highway_corridor,representative_hotspot_reference,approximate_cluster_reference_point,True,True,Reference cluster only; use dynamic 7-color status only when supported by authoritative/current evidence.,Curated representative shortlist informed by ISRO/NRSC Landslide Atlas coverage and regional landslide-prone terrain; replace/augment with authoritative event geometries for production.
HIM-003,Himalayas,Jammu & Kashmir,Ramban,Panthial,33.32,75.25,high,highway_corridor,representative_hotspot_reference,approximate_cluster_reference_point,True,True,Reference cluster only; use dynamic 7-color status only when supported by authoritative/current evidence.,Curated representative shortlist informed by ISRO/NRSC Landslide Atlas coverage and regional landslide-prone terrain; replace/augment with authoritative event geometries for production.
HIM-004,Himalayas,Jammu & Kashmir,Doda,Doda,33.149,75.547,high,mountain_terrain,representative_hotspot_reference,approximate_cluster_reference_point,True,True,Reference cluster only; use dynamic 7-color status only when supported by authoritative/current evidence.,Curated representative shortlist informed by ISRO/NRSC Landslide Atlas coverage and regional landslide-prone terrain; replace/augment with authoritative event geometries for production.
HIM-005,Himalayas,Jammu & Kashmir,Kishtwar,Kishtwar,33.315,75.769,high,mountain_terrain,representative_hotspot_reference,approximate_cluster_reference_point,True,True,Reference cluster only; use dynamic 7-color status only when supported by authoritative/current evidence.,Curated representative shortlist informed by ISRO/NRSC Landslide Atlas coverage and regional landslide-prone terrain; replace/augment with authoritative event geometries for production.
HIM-006,Himalayas,Jammu & Kashmir,Reasi,Reasi,33.081,74.832,high,mountain_terrain,representative_hotspot_reference,approximate_cluster_reference_point,True,True,Reference cluster only; use dynamic 7-color status only when supported by authoritative/current evidence.,Curated representative shortlist informed by ISRO/NRSC Landslide Atlas coverage and regional landslide-prone terrain; replace/augment with authoritative event geometries for production.
HIM-007,Himalayas,Jammu & Kashmir,Poonch,Poonch,33.77,74.092,medium,mountain_terrain,representative_hotspot_reference,approximate_cluster_reference_point,True,True,Reference cluster only; use dynamic 7-color status only when supported by authoritative/current evidence.,Curated representative shortlist informed by ISRO/NRSC Landslide Atlas coverage and regional landslide-prone terrain; replace/augment with authoritative event geometries for production.
HIM-008,Himalayas,Jammu & Kashmir,Rajouri,Rajouri,33.375,74.315,medium,mountain_terrain,representative_hotspot_reference,approximate_cluster_reference_point,True,True,Reference cluster only; use dynamic 7-color status only when supported by authoritative/current evidence.,Curated representative shortlist informed by ISRO/NRSC Landslide Atlas coverage and regional landslide-prone terrain; replace/augment with authoritative event geometries for production.
HIM-009,Himalayas,Jammu & Kashmir,Ganderbal,Sonamarg,34.3,75.29,high,mountain_corridor,representative_hotspot_reference,approximate_cluster_reference_point,True,True,Reference cluster only; use dynamic 7-color status only when supported by authoritative/current evidence.,Curated representative shortlist informed by ISRO/NRSC Landslide Atlas coverage and regional landslide-prone terrain; replace/augment with authoritative event geometries for production.
HIM-010,Himalayas,Jammu & Kashmir,Baramulla,Uri,34.08,74.03,medium,mountain_corridor,representative_hotspot_reference,approximate_cluster_reference_point,True,True,Reference cluster only; use dynamic 7-color status only when supported by authoritative/current evidence.,Curated representative shortlist informed by ISRO/NRSC Landslide Atlas coverage and regional landslide-prone terrain; replace/augment with authoritative event geometries for production.
HIM-011,Himalayas,Ladakh,Kargil,Kargil-Drass corridor,34.56,76.13,medium,mountain_corridor,representative_hotspot_reference,approximate_cluster_reference_point,True,True,Reference cluster only; use dynamic 7-color status only when supported by authoritative/current evidence.,Curated representative shortlist informed by ISRO/NRSC Landslide Atlas coverage and regional landslide-prone terrain; replace/augment with authoritative event geometries for production.
HIM-012,Himalayas,Ladakh,Leh,Leh-Srinagar corridor,34.16,77.58,medium,mountain_corridor,representative_hotspot_reference,approximate_cluster_reference_point,True,True,Reference cluster only; use dynamic 7-color status only when supported by authoritative/current evidence.,Curated representative shortlist informed by ISRO/NRSC Landslide Atlas coverage and regional landslide-prone terrain; replace/augment with authoritative event geometries for production.
HIM-013,Himalayas,Himachal Pradesh,Kinnaur,Reckong Peo,31.536,78.272,high,mountain_corridor,representative_hotspot_reference,approximate_cluster_reference_point,True,True,Reference cluster only; use dynamic 7-color status only when supported by authoritative/current evidence.,Curated representative shortlist informed by ISRO/NRSC Landslide Atlas coverage and regional landslide-prone terrain; replace/augment with authoritative event geometries for production.
HIM-014,Himalayas,Himachal Pradesh,Kinnaur,Kalpa-Kinnaur corridor,31.54,78.25,high,mountain_corridor,representative_hotspot_reference,approximate_cluster_reference_point,True,True,Reference cluster only; use dynamic 7-color status only when supported by authoritative/current evidence.,Curated representative shortlist informed by ISRO/NRSC Landslide Atlas coverage and regional landslide-prone terrain; replace/augment with authoritative event geometries for production.
HIM-015,Himalayas,Himachal Pradesh,Kullu,Manali,32.2396,77.1887,high,mountain_corridor,representative_hotspot_reference,approximate_cluster_reference_point,True,True,Reference cluster only; use dynamic 7-color status only when supported by authoritative/current evidence.,Curated representative shortlist informed by ISRO/NRSC Landslide Atlas coverage and regional landslide-prone terrain; replace/augment with authoritative event geometries for production.
HIM-016,Himalayas,Himachal Pradesh,Kullu,Aut-Kullu corridor,31.87,77.22,high,highway_corridor,representative_hotspot_reference,approximate_cluster_reference_point,True,True,Reference cluster only; use dynamic 7-color status only when supported by authoritative/current evidence.,Curated representative shortlist informed by ISRO/NRSC Landslide Atlas coverage and regional landslide-prone terrain; replace/augment with authoritative event geometries for production.
HIM-017,Himalayas,Himachal Pradesh,Mandi,Mandi,31.708,76.932,high,mountain_terrain,representative_hotspot_reference,approximate_cluster_reference_point,True,True,Reference cluster only; use dynamic 7-color status only when supported by authoritative/current evidence.,Curated representative shortlist informed by ISRO/NRSC Landslide Atlas coverage and regional landslide-prone terrain; replace/augment with authoritative event geometries for production.
HIM-018,Himalayas,Himachal Pradesh,Shimla,Shimla,31.1048,77.1734,high,urban_hillslope,representative_hotspot_reference,approximate_cluster_reference_point,True,True,Reference cluster only; use dynamic 7-color status only when supported by authoritative/current evidence.,Curated representative shortlist informed by ISRO/NRSC Landslide Atlas coverage and regional landslide-prone terrain; replace/augment with authoritative event geometries for production.
HIM-019,Himalayas,Himachal Pradesh,Chamba,Chamba,32.5534,76.1258,high,mountain_terrain,representative_hotspot_reference,approximate_cluster_reference_point,True,True,Reference cluster only; use dynamic 7-color status only when supported by authoritative/current evidence.,Curated representative shortlist informed by ISRO/NRSC Landslide Atlas coverage and regional landslide-prone terrain; replace/augment with authoritative event geometries for production.
HIM-020,Himalayas,Himachal Pradesh,Sirmaur,Nahan,30.56,77.3,medium,mountain_terrain,representative_hotspot_reference,approximate_cluster_reference_point,True,True,Reference cluster only; use dynamic 7-color status only when supported by authoritative/current evidence.,Curated representative shortlist informed by ISRO/NRSC Landslide Atlas coverage and regional landslide-prone terrain; replace/augment with authoritative event geometries for production.
HIM-021,Himalayas,Himachal Pradesh,Kangra,Dharamshala,32.219,76.3234,medium,mountain_terrain,representative_hotspot_reference,approximate_cluster_reference_point,True,True,Reference cluster only; use dynamic 7-color status only when supported by authoritative/current evidence.,Curated representative shortlist informed by ISRO/NRSC Landslide Atlas coverage and regional landslide-prone terrain; replace/augment with authoritative event geometries for production.
HIM-022,Himalayas,Himachal Pradesh,Solan,Solan,30.9045,77.0967,medium,urban_hillslope,representative_hotspot_reference,approximate_cluster_reference_point,True,True,Reference cluster only; use dynamic 7-color status only when supported by authoritative/current evidence.,Curated representative shortlist informed by ISRO/NRSC Landslide Atlas coverage and regional landslide-prone terrain; replace/augment with authoritative event geometries for production.
HIM-023,Himalayas,Uttarakhand,Chamoli,Joshimath,30.556,79.564,high,mountain_corridor,representative_hotspot_reference,approximate_cluster_reference_point,True,True,Reference cluster only; use dynamic 7-color status only when supported by authoritative/current evidence.,Curated representative shortlist informed by ISRO/NRSC Landslide Atlas coverage and regional landslide-prone terrain; replace/augment with authoritative event geometries for production.
HIM-024,Himalayas,Uttarakhand,Chamoli,Badrinath corridor,30.744,79.493,high,mountain_corridor,representative_hotspot_reference,approximate_cluster_reference_point,True,True,Reference cluster only; use dynamic 7-color status only when supported by authoritative/current evidence.,Curated representative shortlist informed by ISRO/NRSC Landslide Atlas coverage and regional landslide-prone terrain; replace/augment with authoritative event geometries for production.
HIM-025,Himalayas,Uttarakhand,Rudraprayag,Rudraprayag,30.284,78.981,high,mountain_corridor,representative_hotspot_reference,approximate_cluster_reference_point,True,True,Reference cluster only; use dynamic 7-color status only when supported by authoritative/current evidence.,Curated representative shortlist informed by ISRO/NRSC Landslide Atlas coverage and regional landslide-prone terrain; replace/augment with authoritative event geometries for production.
HIM-026,Himalayas,Uttarakhand,Uttarkashi,Uttarkashi,30.7268,78.4354,high,mountain_corridor,representative_hotspot_reference,approximate_cluster_reference_point,True,True,Reference cluster only; use dynamic 7-color status only when supported by authoritative/current evidence.,Curated representative shortlist informed by ISRO/NRSC Landslide Atlas coverage and regional landslide-prone terrain; replace/augment with authoritative event geometries for production.
HIM-027,Himalayas,Uttarakhand,Pithoragarh,Pithoragarh-Dharchula corridor,29.582,80.218,high,mountain_corridor,representative_hotspot_reference,approximate_cluster_reference_point,True,True,Reference cluster only; use dynamic 7-color status only when supported by authoritative/current evidence.,Curated representative shortlist informed by ISRO/NRSC Landslide Atlas coverage and regional landslide-prone terrain; replace/augment with authoritative event geometries for production.
HIM-028,Himalayas,Uttarakhand,Tehri Garhwal,Tehri,30.378,78.48,medium,mountain_terrain,representative_hotspot_reference,approximate_cluster_reference_point,True,True,Reference cluster only; use dynamic 7-color status only when supported by authoritative/current evidence.,Curated representative shortlist informed by ISRO/NRSC Landslide Atlas coverage and regional landslide-prone terrain; replace/augment with authoritative event geometries for production.
HIM-029,Eastern Himalaya,West Bengal,Darjeeling,Darjeeling,27.036,88.2627,high,mountain_terrain,representative_hotspot_reference,approximate_cluster_reference_point,True,True,Reference cluster only; use dynamic 7-color status only when supported by authoritative/current evidence.,Curated representative shortlist informed by ISRO/NRSC Landslide Atlas coverage and regional landslide-prone terrain; replace/augment with authoritative event geometries for production.
HIM-030,Eastern Himalaya,West Bengal,Kalimpong,Kalimpong-Teesta corridor,27.06,88.47,high,mountain_corridor,representative_hotspot_reference,approximate_cluster_reference_point,True,True,Reference cluster only; use dynamic 7-color status only when supported by authoritative/current evidence.,Curated representative shortlist informed by ISRO/NRSC Landslide Atlas coverage and regional landslide-prone terrain; replace/augment with authoritative event geometries for production.
NER-001,North Eastern Region,Sikkim,Mangan,Mangan,27.51,88.53,high,mountain_terrain,representative_hotspot_reference,approximate_cluster_reference_point,True,True,Reference cluster only; use dynamic 7-color status only when supported by authoritative/current evidence.,Curated representative shortlist informed by ISRO/NRSC Landslide Atlas coverage and regional landslide-prone terrain; replace/augment with authoritative event geometries for production.
NER-002,North Eastern Region,Sikkim,Mangan,Chungthang,27.62,88.64,high,mountain_corridor,representative_hotspot_reference,approximate_cluster_reference_point,True,True,Reference cluster only; use dynamic 7-color status only when supported by authoritative/current evidence.,Curated representative shortlist informed by ISRO/NRSC Landslide Atlas coverage and regional landslide-prone terrain; replace/augment with authoritative event geometries for production.
NER-003,North Eastern Region,Sikkim,Mangan,Lachen,27.72,88.56,high,mountain_corridor,representative_hotspot_reference,approximate_cluster_reference_point,True,True,Reference cluster only; use dynamic 7-color status only when supported by authoritative/current evidence.,Curated representative shortlist informed by ISRO/NRSC Landslide Atlas coverage and regional landslide-prone terrain; replace/augment with authoritative event geometries for production.
NER-004,North Eastern Region,Sikkim,Mangan,Lachung,27.69,88.74,high,mountain_corridor,representative_hotspot_reference,approximate_cluster_reference_point,True,True,Reference cluster only; use dynamic 7-color status only when supported by authoritative/current evidence.,Curated representative shortlist informed by ISRO/NRSC Landslide Atlas coverage and regional landslide-prone terrain; replace/augment with authoritative event geometries for production.
NER-005,North Eastern Region,Sikkim,Gangtok,Gangtok,27.3389,88.6065,high,urban_hillslope,representative_hotspot_reference,approximate_cluster_reference_point,True,True,Reference cluster only; use dynamic 7-color status only when supported by authoritative/current evidence.,Curated representative shortlist informed by ISRO/NRSC Landslide Atlas coverage and regional landslide-prone terrain; replace/augment with authoritative event geometries for production.
NER-006,North Eastern Region,Sikkim,Gangtok,Singtam,27.23,88.5,high,highway_corridor,representative_hotspot_reference,approximate_cluster_reference_point,True,True,Reference cluster only; use dynamic 7-color status only when supported by authoritative/current evidence.,Curated representative shortlist informed by ISRO/NRSC Landslide Atlas coverage and regional landslide-prone terrain; replace/augment with authoritative event geometries for production.
NER-007,North Eastern Region,Sikkim,Pakyong,Pakyong,27.23,88.61,medium,mountain_terrain,representative_hotspot_reference,approximate_cluster_reference_point,True,True,Reference cluster only; use dynamic 7-color status only when supported by authoritative/current evidence.,Curated representative shortlist informed by ISRO/NRSC Landslide Atlas coverage and regional landslide-prone terrain; replace/augment with authoritative event geometries for production.
NER-008,North Eastern Region,Sikkim,Gyalshing,Gyalshing,27.29,88.26,medium,mountain_terrain,representative_hotspot_reference,approximate_cluster_reference_point,True,True,Reference cluster only; use dynamic 7-color status only when supported by authoritative/current evidence.,Curated representative shortlist informed by ISRO/NRSC Landslide Atlas coverage and regional landslide-prone terrain; replace/augment with authoritative event geometries for production.
NER-009,North Eastern Region,Arunachal Pradesh,Tawang,Tawang,27.586,91.865,high,mountain_terrain,representative_hotspot_reference,approximate_cluster_reference_point,True,True,Reference cluster only; use dynamic 7-color status only when supported by authoritative/current evidence.,Curated representative shortlist informed by ISRO/NRSC Landslide Atlas coverage and regional landslide-prone terrain; replace/augment with authoritative event geometries for production.
NER-010,North Eastern Region,Arunachal Pradesh,West Kameng,Bomdila,27.264,92.424,high,mountain_corridor,representative_hotspot_reference,approximate_cluster_reference_point,True,True,Reference cluster only; use dynamic 7-color status only when supported by authoritative/current evidence.,Curated representative shortlist informed by ISRO/NRSC Landslide Atlas coverage and regional landslide-prone terrain; replace/augment with authoritative event geometries for production.
NER-011,North Eastern Region,Arunachal Pradesh,West Kameng,Bhalukpong-Tawang corridor,27.01,92.64,high,highway_corridor,representative_hotspot_reference,approximate_cluster_reference_point,True,True,Reference cluster only; use dynamic 7-color status only when supported by authoritative/current evidence.,Curated representative shortlist informed by ISRO/NRSC Landslide Atlas coverage and regional landslide-prone terrain; replace/augment with authoritative event geometries for production.
NER-012,North Eastern Region,Arunachal Pradesh,East Kameng,Seppa,27.365,93.04,medium,mountain_terrain,representative_hotspot_reference,approximate_cluster_reference_point,True,True,Reference cluster only; use dynamic 7-color status only when supported by authoritative/current evidence.,Curated representative shortlist informed by ISRO/NRSC Landslide Atlas coverage and regional landslide-prone terrain; replace/augment with authoritative event geometries for production.
NER-013,North Eastern Region,Arunachal Pradesh,Papum Pare,Itanagar,27.0844,93.6053,medium,urban_hillslope,representative_hotspot_reference,approximate_cluster_reference_point,True,True,Reference cluster only; use dynamic 7-color status only when supported by authoritative/current evidence.,Curated representative shortlist informed by ISRO/NRSC Landslide Atlas coverage and regional landslide-prone terrain; replace/augment with authoritative event geometries for production.
NER-014,North Eastern Region,Arunachal Pradesh,Upper Subansiri,Daporijo,27.987,94.222,high,mountain_terrain,representative_hotspot_reference,approximate_cluster_reference_point,True,True,Reference cluster only; use dynamic 7-color status only when supported by authoritative/current evidence.,Curated representative shortlist informed by ISRO/NRSC Landslide Atlas coverage and regional landslide-prone terrain; replace/augment with authoritative event geometries for production.
NER-015,North Eastern Region,Arunachal Pradesh,Siang,Yingkiong,28.615,95.047,high,mountain_terrain,representative_hotspot_reference,approximate_cluster_reference_point,True,True,Reference cluster only; use dynamic 7-color status only when supported by authoritative/current evidence.,Curated representative shortlist informed by ISRO/NRSC Landslide Atlas coverage and regional landslide-prone terrain; replace/augment with authoritative event geometries for production.
NER-016,North Eastern Region,Arunachal Pradesh,West Siang,Aalo,28.17,94.8,high,mountain_terrain,representative_hotspot_reference,approximate_cluster_reference_point,True,True,Reference cluster only; use dynamic 7-color status only when supported by authoritative/current evidence.,Curated representative shortlist informed by ISRO/NRSC Landslide Atlas coverage and regional landslide-prone terrain; replace/augment with authoritative event geometries for production.
NER-017,North Eastern Region,Arunachal Pradesh,Lower Dibang Valley,Roing,28.13,95.84,high,mountain_corridor,representative_hotspot_reference,approximate_cluster_reference_point,True,True,Reference cluster only; use dynamic 7-color status only when supported by authoritative/current evidence.,Curated representative shortlist informed by ISRO/NRSC Landslide Atlas coverage and regional landslide-prone terrain; replace/augment with authoritative event geometries for production.
NER-018,North Eastern Region,Arunachal Pradesh,Dibang Valley,Anini,28.79,95.9,high,mountain_terrain,representative_hotspot_reference,approximate_cluster_reference_point,True,True,Reference cluster only; use dynamic 7-color status only when supported by authoritative/current evidence.,Curated representative shortlist informed by ISRO/NRSC Landslide Atlas coverage and regional landslide-prone terrain; replace/augment with authoritative event geometries for production.
NER-019,North Eastern Region,Arunachal Pradesh,Lohit,Tezu,27.92,96.16,medium,mountain_terrain,representative_hotspot_reference,approximate_cluster_reference_point,True,True,Reference cluster only; use dynamic 7-color status only when supported by authoritative/current evidence.,Curated representative shortlist informed by ISRO/NRSC Landslide Atlas coverage and regional landslide-prone terrain; replace/augment with authoritative event geometries for production.
NER-020,North Eastern Region,Arunachal Pradesh,Changlang,Changlang,27.12,96.72,medium,mountain_terrain,representative_hotspot_reference,approximate_cluster_reference_point,True,True,Reference cluster only; use dynamic 7-color status only when supported by authoritative/current evidence.,Curated representative shortlist informed by ISRO/NRSC Landslide Atlas coverage and regional landslide-prone terrain; replace/augment with authoritative event geometries for production.
NER-021,North Eastern Region,Meghalaya,East Khasi Hills,Shillong,25.5788,91.8933,high,urban_hillslope,representative_hotspot_reference,approximate_cluster_reference_point,True,True,Reference cluster only; use dynamic 7-color status only when supported by authoritative/current evidence.,Curated representative shortlist informed by ISRO/NRSC Landslide Atlas coverage and regional landslide-prone terrain; replace/augment with authoritative event geometries for production.
NER-022,North Eastern Region,Meghalaya,East Khasi Hills,Sohra-Cherrapunji,25.27,91.73,high,rainfall_slope,representative_hotspot_reference,approximate_cluster_reference_point,True,True,Reference cluster only; use dynamic 7-color status only when supported by authoritative/current evidence.,Curated representative shortlist informed by ISRO/NRSC Landslide Atlas coverage and regional landslide-prone terrain; replace/augment with authoritative event geometries for production.
NER-023,North Eastern Region,Meghalaya,East Khasi Hills,Mawsynram,25.3,91.58,high,rainfall_slope,representative_hotspot_reference,approximate_cluster_reference_point,True,True,Reference cluster only; use dynamic 7-color status only when supported by authoritative/current evidence.,Curated representative shortlist informed by ISRO/NRSC Landslide Atlas coverage and regional landslide-prone terrain; replace/augment with authoritative event geometries for production.
NER-024,North Eastern Region,Meghalaya,Ri-Bhoi,Nongpoh,25.9,91.88,medium,highway_corridor,representative_hotspot_reference,approximate_cluster_reference_point,True,True,Reference cluster only; use dynamic 7-color status only when supported by authoritative/current evidence.,Curated representative shortlist informed by ISRO/NRSC Landslide Atlas coverage and regional landslide-prone terrain; replace/augment with authoritative event geometries for production.
NER-025,North Eastern Region,Meghalaya,West Khasi Hills,Nongstoin,25.52,91.27,medium,mountain_terrain,representative_hotspot_reference,approximate_cluster_reference_point,True,True,Reference cluster only; use dynamic 7-color status only when supported by authoritative/current evidence.,Curated representative shortlist informed by ISRO/NRSC Landslide Atlas coverage and regional landslide-prone terrain; replace/augment with authoritative event geometries for production.
NER-026,North Eastern Region,Meghalaya,West Jaintia Hills,Jowai,25.45,92.2,medium,mountain_terrain,representative_hotspot_reference,approximate_cluster_reference_point,True,True,Reference cluster only; use dynamic 7-color status only when supported by authoritative/current evidence.,Curated representative shortlist informed by ISRO/NRSC Landslide Atlas coverage and regional landslide-prone terrain; replace/augment with authoritative event geometries for production.
NER-027,North Eastern Region,Mizoram,Aizawl,Aizawl,23.7271,92.7176,high,urban_hillslope,representative_hotspot_reference,approximate_cluster_reference_point,True,True,Reference cluster only; use dynamic 7-color status only when supported by authoritative/current evidence.,Curated representative shortlist informed by ISRO/NRSC Landslide Atlas coverage and regional landslide-prone terrain; replace/augment with authoritative event geometries for production.
NER-028,North Eastern Region,Mizoram,Lunglei,Lunglei,22.89,92.74,high,mountain_terrain,representative_hotspot_reference,approximate_cluster_reference_point,True,True,Reference cluster only; use dynamic 7-color status only when supported by authoritative/current evidence.,Curated representative shortlist informed by ISRO/NRSC Landslide Atlas coverage and regional landslide-prone terrain; replace/augment with authoritative event geometries for production.
NER-029,North Eastern Region,Mizoram,Champhai,Champhai,23.46,93.33,high,mountain_terrain,representative_hotspot_reference,approximate_cluster_reference_point,True,True,Reference cluster only; use dynamic 7-color status only when supported by authoritative/current evidence.,Curated representative shortlist informed by ISRO/NRSC Landslide Atlas coverage and regional landslide-prone terrain; replace/augment with authoritative event geometries for production.
NER-030,North Eastern Region,Mizoram,Serchhip,Serchhip,23.3,92.85,medium,mountain_terrain,representative_hotspot_reference,approximate_cluster_reference_point,True,True,Reference cluster only; use dynamic 7-color status only when supported by authoritative/current evidence.,Curated representative shortlist informed by ISRO/NRSC Landslide Atlas coverage and regional landslide-prone terrain; replace/augment with authoritative event geometries for production.
NER-031,North Eastern Region,Mizoram,Lawngtlai,Lawngtlai,22.53,92.89,medium,mountain_terrain,representative_hotspot_reference,approximate_cluster_reference_point,True,True,Reference cluster only; use dynamic 7-color status only when supported by authoritative/current evidence.,Curated representative shortlist informed by ISRO/NRSC Landslide Atlas coverage and regional landslide-prone terrain; replace/augment with authoritative event geometries for production.
NER-032,North Eastern Region,Manipur,Senapati,Senapati,25.27,94.26,high,mountain_corridor,representative_hotspot_reference,approximate_cluster_reference_point,True,True,Reference cluster only; use dynamic 7-color status only when supported by authoritative/current evidence.,Curated representative shortlist informed by ISRO/NRSC Landslide Atlas coverage and regional landslide-prone terrain; replace/augment with authoritative event geometries for production.
NER-033,North Eastern Region,Manipur,Ukhrul,Ukhrul,25.095,94.36,high,mountain_terrain,representative_hotspot_reference,approximate_cluster_reference_point,True,True,Reference cluster only; use dynamic 7-color status only when supported by authoritative/current evidence.,Curated representative shortlist informed by ISRO/NRSC Landslide Atlas coverage and regional landslide-prone terrain; replace/augment with authoritative event geometries for production.
NER-034,North Eastern Region,Manipur,Tamenglong,Tamenglong,24.98,93.5,high,mountain_terrain,representative_hotspot_reference,approximate_cluster_reference_point,True,True,Reference cluster only; use dynamic 7-color status only when supported by authoritative/current evidence.,Curated representative shortlist informed by ISRO/NRSC Landslide Atlas coverage and regional landslide-prone terrain; replace/augment with authoritative event geometries for production.
NER-035,North Eastern Region,Manipur,Jiribam,Jiribam-Imphal corridor,24.8,93.12,high,highway_corridor,representative_hotspot_reference,approximate_cluster_reference_point,True,True,Reference cluster only; use dynamic 7-color status only when supported by authoritative/current evidence.,Curated representative shortlist informed by ISRO/NRSC Landslide Atlas coverage and regional landslide-prone terrain; replace/augment with authoritative event geometries for production.
NER-036,North Eastern Region,Nagaland,Kohima,Kohima,25.6751,94.1086,high,urban_hillslope,representative_hotspot_reference,approximate_cluster_reference_point,True,True,Reference cluster only; use dynamic 7-color status only when supported by authoritative/current evidence.,Curated representative shortlist informed by ISRO/NRSC Landslide Atlas coverage and regional landslide-prone terrain; replace/augment with authoritative event geometries for production.
NER-037,North Eastern Region,Nagaland,Peren,Peren,25.51,93.74,high,mountain_terrain,representative_hotspot_reference,approximate_cluster_reference_point,True,True,Reference cluster only; use dynamic 7-color status only when supported by authoritative/current evidence.,Curated representative shortlist informed by ISRO/NRSC Landslide Atlas coverage and regional landslide-prone terrain; replace/augment with authoritative event geometries for production.
NER-038,North Eastern Region,Nagaland,Wokha,Wokha,26.1,94.27,medium,mountain_terrain,representative_hotspot_reference,approximate_cluster_reference_point,True,True,Reference cluster only; use dynamic 7-color status only when supported by authoritative/current evidence.,Curated representative shortlist informed by ISRO/NRSC Landslide Atlas coverage and regional landslide-prone terrain; replace/augment with authoritative event geometries for production.
NER-039,North Eastern Region,Assam,Dima Hasao,Haflong,25.17,93.02,high,mountain_terrain,representative_hotspot_reference,approximate_cluster_reference_point,True,True,Reference cluster only; use dynamic 7-color status only when supported by authoritative/current evidence.,Curated representative shortlist informed by ISRO/NRSC Landslide Atlas coverage and regional landslide-prone terrain; replace/augment with authoritative event geometries for production.
NER-040,North Eastern Region,Assam,Karbi Anglong,Diphu,25.84,93.43,medium,hill_terrain,representative_hotspot_reference,approximate_cluster_reference_point,True,True,Reference cluster only; use dynamic 7-color status only when supported by authoritative/current evidence.,Curated representative shortlist informed by ISRO/NRSC Landslide Atlas coverage and regional landslide-prone terrain; replace/augment with authoritative event geometries for production.
WG-001,Western Ghats,Kerala,Wayanad,Meppadi-Wayanad hills,11.55,76.13,high,rainfall_slope,representative_hotspot_reference,approximate_cluster_reference_point,True,True,Reference cluster only; use dynamic 7-color status only when supported by authoritative/current evidence.,Curated representative shortlist informed by ISRO/NRSC Landslide Atlas coverage and regional landslide-prone terrain; replace/augment with authoritative event geometries for production.
WG-002,Western Ghats,Kerala,Wayanad,Kalpetta,11.61,76.08,high,hill_terrain,representative_hotspot_reference,approximate_cluster_reference_point,True,True,Reference cluster only; use dynamic 7-color status only when supported by authoritative/current evidence.,Curated representative shortlist informed by ISRO/NRSC Landslide Atlas coverage and regional landslide-prone terrain; replace/augment with authoritative event geometries for production.
WG-003,Western Ghats,Kerala,Idukki,Munnar,10.0889,77.0595,high,mountain_terrain,representative_hotspot_reference,approximate_cluster_reference_point,True,True,Reference cluster only; use dynamic 7-color status only when supported by authoritative/current evidence.,Curated representative shortlist informed by ISRO/NRSC Landslide Atlas coverage and regional landslide-prone terrain; replace/augment with authoritative event geometries for production.
WG-004,Western Ghats,Kerala,Idukki,Adimali,10.01,76.96,high,rainfall_slope,representative_hotspot_reference,approximate_cluster_reference_point,True,True,Reference cluster only; use dynamic 7-color status only when supported by authoritative/current evidence.,Curated representative shortlist informed by ISRO/NRSC Landslide Atlas coverage and regional landslide-prone terrain; replace/augment with authoritative event geometries for production.
WG-005,Western Ghats,Kerala,Kozhikode,Thamarassery Ghat,11.48,75.92,high,highway_corridor,representative_hotspot_reference,approximate_cluster_reference_point,True,True,Reference cluster only; use dynamic 7-color status only when supported by authoritative/current evidence.,Curated representative shortlist informed by ISRO/NRSC Landslide Atlas coverage and regional landslide-prone terrain; replace/augment with authoritative event geometries for production.
WG-006,Western Ghats,Kerala,Malappuram,Nilambur,11.28,76.23,high,hill_terrain,representative_hotspot_reference,approximate_cluster_reference_point,True,True,Reference cluster only; use dynamic 7-color status only when supported by authoritative/current evidence.,Curated representative shortlist informed by ISRO/NRSC Landslide Atlas coverage and regional landslide-prone terrain; replace/augment with authoritative event geometries for production.
WG-007,Western Ghats,Kerala,Palakkad,Nelliampathy,10.52,76.69,medium,mountain_terrain,representative_hotspot_reference,approximate_cluster_reference_point,True,True,Reference cluster only; use dynamic 7-color status only when supported by authoritative/current evidence.,Curated representative shortlist informed by ISRO/NRSC Landslide Atlas coverage and regional landslide-prone terrain; replace/augment with authoritative event geometries for production.
WG-008,Western Ghats,Kerala,Kottayam,Kanjirappally,9.57,76.79,medium,hill_terrain,representative_hotspot_reference,approximate_cluster_reference_point,True,True,Reference cluster only; use dynamic 7-color status only when supported by authoritative/current evidence.,Curated representative shortlist informed by ISRO/NRSC Landslide Atlas coverage and regional landslide-prone terrain; replace/augment with authoritative event geometries for production.
WG-009,Western Ghats,Kerala,Pathanamthitta,Ranni,9.38,76.81,medium,hill_terrain,representative_hotspot_reference,approximate_cluster_reference_point,True,True,Reference cluster only; use dynamic 7-color status only when supported by authoritative/current evidence.,Curated representative shortlist informed by ISRO/NRSC Landslide Atlas coverage and regional landslide-prone terrain; replace/augment with authoritative event geometries for production.
WG-010,Western Ghats,Karnataka,Uttara Kannada,Shirur-Ankola belt,14.76,74.44,high,highway_corridor,representative_hotspot_reference,approximate_cluster_reference_point,True,True,Reference cluster only; use dynamic 7-color status only when supported by authoritative/current evidence.,Curated representative shortlist informed by ISRO/NRSC Landslide Atlas coverage and regional landslide-prone terrain; replace/augment with authoritative event geometries for production.
WG-011,Western Ghats,Karnataka,Uttara Kannada,Sirsi,14.62,74.84,high,hill_terrain,representative_hotspot_reference,approximate_cluster_reference_point,True,True,Reference cluster only; use dynamic 7-color status only when supported by authoritative/current evidence.,Curated representative shortlist informed by ISRO/NRSC Landslide Atlas coverage and regional landslide-prone terrain; replace/augment with authoritative event geometries for production.
WG-012,Western Ghats,Karnataka,Uttara Kannada,Siddapur,14.34,74.89,medium,hill_terrain,representative_hotspot_reference,approximate_cluster_reference_point,True,True,Reference cluster only; use dynamic 7-color status only when supported by authoritative/current evidence.,Curated representative shortlist informed by ISRO/NRSC Landslide Atlas coverage and regional landslide-prone terrain; replace/augment with authoritative event geometries for production.
WG-013,Western Ghats,Karnataka,Kodagu,Madikeri,12.4244,75.7382,high,mountain_terrain,representative_hotspot_reference,approximate_cluster_reference_point,True,True,Reference cluster only; use dynamic 7-color status only when supported by authoritative/current evidence.,Curated representative shortlist informed by ISRO/NRSC Landslide Atlas coverage and regional landslide-prone terrain; replace/augment with authoritative event geometries for production.
WG-014,Western Ghats,Karnataka,Kodagu,Somwarpet,12.6,75.85,high,hill_terrain,representative_hotspot_reference,approximate_cluster_reference_point,True,True,Reference cluster only; use dynamic 7-color status only when supported by authoritative/current evidence.,Curated representative shortlist informed by ISRO/NRSC Landslide Atlas coverage and regional landslide-prone terrain; replace/augment with authoritative event geometries for production.
WG-015,Western Ghats,Karnataka,Chikkamagaluru,Chikkamagaluru,13.3161,75.772,high,mountain_terrain,representative_hotspot_reference,approximate_cluster_reference_point,True,True,Reference cluster only; use dynamic 7-color status only when supported by authoritative/current evidence.,Curated representative shortlist informed by ISRO/NRSC Landslide Atlas coverage and regional landslide-prone terrain; replace/augment with authoritative event geometries for production.
WG-016,Western Ghats,Karnataka,Chikkamagaluru,Mudigere,13.13,75.65,high,mountain_terrain,representative_hotspot_reference,approximate_cluster_reference_point,True,True,Reference cluster only; use dynamic 7-color status only when supported by authoritative/current evidence.,Curated representative shortlist informed by ISRO/NRSC Landslide Atlas coverage and regional landslide-prone terrain; replace/augment with authoritative event geometries for production.
WG-017,Western Ghats,Karnataka,Shivamogga,Agumbe,13.51,75.09,high,rainfall_slope,representative_hotspot_reference,approximate_cluster_reference_point,True,True,Reference cluster only; use dynamic 7-color status only when supported by authoritative/current evidence.,Curated representative shortlist informed by ISRO/NRSC Landslide Atlas coverage and regional landslide-prone terrain; replace/augment with authoritative event geometries for production.
WG-018,Western Ghats,Maharashtra,Raigad,Matheran-Karjat belt,18.9,73.33,high,hill_terrain,representative_hotspot_reference,approximate_cluster_reference_point,True,True,Reference cluster only; use dynamic 7-color status only when supported by authoritative/current evidence.,Curated representative shortlist informed by ISRO/NRSC Landslide Atlas coverage and regional landslide-prone terrain; replace/augment with authoritative event geometries for production.
WG-019,Western Ghats,Maharashtra,Raigad,Khalapur,18.83,73.3,high,highway_corridor,representative_hotspot_reference,approximate_cluster_reference_point,True,True,Reference cluster only; use dynamic 7-color status only when supported by authoritative/current evidence.,Curated representative shortlist informed by ISRO/NRSC Landslide Atlas coverage and regional landslide-prone terrain; replace/augment with authoritative event geometries for production.
WG-020,Western Ghats,Maharashtra,Ratnagiri,Khed-Chiplun belt,17.8,73.88,high,hill_terrain,representative_hotspot_reference,approximate_cluster_reference_point,True,True,Reference cluster only; use dynamic 7-color status only when supported by authoritative/current evidence.,Curated representative shortlist informed by ISRO/NRSC Landslide Atlas coverage and regional landslide-prone terrain; replace/augment with authoritative event geometries for production.
WG-021,Western Ghats,Maharashtra,Sindhudurg,Amboli Ghat,15.96,74.0,high,highway_corridor,representative_hotspot_reference,approximate_cluster_reference_point,True,True,Reference cluster only; use dynamic 7-color status only when supported by authoritative/current evidence.,Curated representative shortlist informed by ISRO/NRSC Landslide Atlas coverage and regional landslide-prone terrain; replace/augment with authoritative event geometries for production.
WG-022,Western Ghats,Maharashtra,Satara,Mahabaleshwar,17.93,73.65,high,mountain_terrain,representative_hotspot_reference,approximate_cluster_reference_point,True,True,Reference cluster only; use dynamic 7-color status only when supported by authoritative/current evidence.,Curated representative shortlist informed by ISRO/NRSC Landslide Atlas coverage and regional landslide-prone terrain; replace/augment with authoritative event geometries for production.
WG-023,Western Ghats,Maharashtra,Pune,Lonavala-Khandala,18.75,73.41,high,highway_corridor,representative_hotspot_reference,approximate_cluster_reference_point,True,True,Reference cluster only; use dynamic 7-color status only when supported by authoritative/current evidence.,Curated representative shortlist informed by ISRO/NRSC Landslide Atlas coverage and regional landslide-prone terrain; replace/augment with authoritative event geometries for production.
WG-024,Western Ghats,Goa,North Goa,Sattari,15.58,74.12,medium,hill_terrain,representative_hotspot_reference,approximate_cluster_reference_point,True,True,Reference cluster only; use dynamic 7-color status only when supported by authoritative/current evidence.,Curated representative shortlist informed by ISRO/NRSC Landslide Atlas coverage and regional landslide-prone terrain; replace/augment with authoritative event geometries for production.
WG-025,Western Ghats,Goa,South Goa,Canacona,15.01,74.02,medium,hill_terrain,representative_hotspot_reference,approximate_cluster_reference_point,True,True,Reference cluster only; use dynamic 7-color status only when supported by authoritative/current evidence.,Curated representative shortlist informed by ISRO/NRSC Landslide Atlas coverage and regional landslide-prone terrain; replace/augment with authoritative event geometries for production.
WG-026,Western Ghats,Tamil Nadu,Nilgiris,Ooty,11.4102,76.695,high,mountain_terrain,representative_hotspot_reference,approximate_cluster_reference_point,True,True,Reference cluster only; use dynamic 7-color status only when supported by authoritative/current evidence.,Curated representative shortlist informed by ISRO/NRSC Landslide Atlas coverage and regional landslide-prone terrain; replace/augment with authoritative event geometries for production.
WG-027,Western Ghats,Tamil Nadu,Nilgiris,Coonoor,11.35,76.8,high,mountain_terrain,representative_hotspot_reference,approximate_cluster_reference_point,True,True,Reference cluster only; use dynamic 7-color status only when supported by authoritative/current evidence.,Curated representative shortlist informed by ISRO/NRSC Landslide Atlas coverage and regional landslide-prone terrain; replace/augment with authoritative event geometries for production.
WG-028,Western Ghats,Tamil Nadu,Nilgiris,Gudalur,11.5,76.49,high,mountain_terrain,representative_hotspot_reference,approximate_cluster_reference_point,True,True,Reference cluster only; use dynamic 7-color status only when supported by authoritative/current evidence.,Curated representative shortlist informed by ISRO/NRSC Landslide Atlas coverage and regional landslide-prone terrain; replace/augment with authoritative event geometries for production.
WG-029,Western Ghats,Tamil Nadu,Dindigul,Kodaikanal,10.2381,77.4892,high,mountain_terrain,representative_hotspot_reference,approximate_cluster_reference_point,True,True,Reference cluster only; use dynamic 7-color status only when supported by authoritative/current evidence.,Curated representative shortlist informed by ISRO/NRSC Landslide Atlas coverage and regional landslide-prone terrain; replace/augment with authoritative event geometries for production.
WG-030,Western Ghats,Tamil Nadu,Coimbatore,Valparai,10.326,76.955,high,mountain_terrain,representative_hotspot_reference,approximate_cluster_reference_point,True,True,Reference cluster only; use dynamic 7-color status only when supported by authoritative/current evidence.,Curated representative shortlist informed by ISRO/NRSC Landslide Atlas coverage and regional landslide-prone terrain; replace/augment with authoritative event geometries for production.
EG-001,Eastern Ghats,Andhra Pradesh,Alluri Sitharama Raju,Araku Valley,18.327,82.877,high,mountain_terrain,representative_hotspot_reference,approximate_cluster_reference_point,True,True,Reference cluster only; use dynamic 7-color status only when supported by authoritative/current evidence.,Curated representative shortlist informed by ISRO/NRSC Landslide Atlas coverage and regional landslide-prone terrain; replace/augment with authoritative event geometries for production.
EG-002,Eastern Ghats,Andhra Pradesh,Alluri Sitharama Raju,Paderu,18.08,82.67,high,mountain_terrain,representative_hotspot_reference,approximate_cluster_reference_point,True,True,Reference cluster only; use dynamic 7-color status only when supported by authoritative/current evidence.,Curated representative shortlist informed by ISRO/NRSC Landslide Atlas coverage and regional landslide-prone terrain; replace/augment with authoritative event geometries for production.
EG-003,Eastern Ghats,Andhra Pradesh,Alluri Sitharama Raju,Ananthagiri,18.06,82.92,high,mountain_terrain,representative_hotspot_reference,approximate_cluster_reference_point,True,True,Reference cluster only; use dynamic 7-color status only when supported by authoritative/current evidence.,Curated representative shortlist informed by ISRO/NRSC Landslide Atlas coverage and regional landslide-prone terrain; replace/augment with authoritative event geometries for production.
EG-004,Eastern Ghats,Andhra Pradesh,Alluri Sitharama Raju,Chintapalle,17.87,82.35,high,mountain_terrain,representative_hotspot_reference,approximate_cluster_reference_point,True,True,Reference cluster only; use dynamic 7-color status only when supported by authoritative/current evidence.,Curated representative shortlist informed by ISRO/NRSC Landslide Atlas coverage and regional landslide-prone terrain; replace/augment with authoritative event geometries for production.
EG-005,Eastern Ghats,Andhra Pradesh,Visakhapatnam,Agency hill corridor,17.9,82.65,medium,hill_terrain,representative_hotspot_reference,approximate_cluster_reference_point,True,True,Reference cluster only; use dynamic 7-color status only when supported by authoritative/current evidence.,Curated representative shortlist informed by ISRO/NRSC Landslide Atlas coverage and regional landslide-prone terrain; replace/augment with authoritative event geometries for production.
EG-006,Eastern Ghats,Odisha,Koraput,Koraput,18.81,82.71,high,mountain_terrain,representative_hotspot_reference,approximate_cluster_reference_point,True,True,Reference cluster only; use dynamic 7-color status only when supported by authoritative/current evidence.,Curated representative shortlist informed by ISRO/NRSC Landslide Atlas coverage and regional landslide-prone terrain; replace/augment with authoritative event geometries for production.
EG-007,Eastern Ghats,Odisha,Koraput,Semiliguda,18.69,82.83,medium,hill_terrain,representative_hotspot_reference,approximate_cluster_reference_point,True,True,Reference cluster only; use dynamic 7-color status only when supported by authoritative/current evidence.,Curated representative shortlist informed by ISRO/NRSC Landslide Atlas coverage and regional landslide-prone terrain; replace/augment with authoritative event geometries for production.
EG-008,Eastern Ghats,Odisha,Rayagada,Rayagada,19.17,83.42,high,hill_terrain,representative_hotspot_reference,approximate_cluster_reference_point,True,True,Reference cluster only; use dynamic 7-color status only when supported by authoritative/current evidence.,Curated representative shortlist informed by ISRO/NRSC Landslide Atlas coverage and regional landslide-prone terrain; replace/augment with authoritative event geometries for production.
EG-009,Eastern Ghats,Odisha,Kandhamal,Phulbani,20.47,84.23,medium,hill_terrain,representative_hotspot_reference,approximate_cluster_reference_point,True,True,Reference cluster only; use dynamic 7-color status only when supported by authoritative/current evidence.,Curated representative shortlist informed by ISRO/NRSC Landslide Atlas coverage and regional landslide-prone terrain; replace/augment with authoritative event geometries for production.
EG-010,Eastern Ghats,Odisha,Gajapati,Paralakhemundi,18.78,84.09,medium,hill_terrain,representative_hotspot_reference,approximate_cluster_reference_point,True,True,Reference cluster only; use dynamic 7-color status only when supported by authoritative/current evidence.,Curated representative shortlist informed by ISRO/NRSC Landslide Atlas coverage and regional landslide-prone terrain; replace/augment with authoritative event geometries for production.
EG-011,Eastern Ghats,Tamil Nadu,Tiruvannamalai,Jawadhu Hills,12.6,78.9,medium,hill_terrain,representative_hotspot_reference,approximate_cluster_reference_point,True,True,Reference cluster only; use dynamic 7-color status only when supported by authoritative/current evidence.,Curated representative shortlist informed by ISRO/NRSC Landslide Atlas coverage and regional landslide-prone terrain; replace/augment with authoritative event geometries for production.
EG-012,Eastern Ghats,Tamil Nadu,Salem,Shevaroy Hills,11.78,78.16,medium,hill_terrain,representative_hotspot_reference,approximate_cluster_reference_point,True,True,Reference cluster only; use dynamic 7-color status only when supported by authoritative/current evidence.,Curated representative shortlist informed by ISRO/NRSC Landslide Atlas coverage and regional landslide-prone terrain; replace/augment with authoritative event geometries for production.
EG-013,Eastern Ghats,Tamil Nadu,Namakkal,Kolli Hills,11.3,78.33,medium,hill_terrain,representative_hotspot_reference,approximate_cluster_reference_point,True,True,Reference cluster only; use dynamic 7-color status only when supported by authoritative/current evidence.,Curated representative shortlist informed by ISRO/NRSC Landslide Atlas coverage and regional landslide-prone terrain; replace/augment with authoritative event geometries for production.
EG-014,Eastern Ghats,Andhra Pradesh,Prakasam,Nallamala hills,15.7,79.25,medium,hill_terrain,representative_hotspot_reference,approximate_cluster_reference_point,True,True,Reference cluster only; use dynamic 7-color status only when supported by authoritative/current evidence.,Curated representative shortlist informed by ISRO/NRSC Landslide Atlas coverage and regional landslide-prone terrain; replace/augment with authoritative event geometries for production.
EG-015,Eastern Ghats,Telangana,Nagarkurnool,Nallamala-Srisailam belt,16.1,78.87,low,hill_terrain,representative_hotspot_reference,approximate_cluster_reference_point,True,True,Reference cluster only; use dynamic 7-color status only when supported by authoritative/current evidence.,Curated representative shortlist informed by ISRO/NRSC Landslide Atlas coverage and regional landslide-prone terrain; replace/augment with authoritative event geometries for production.
OTH-001,Western Himalaya fringe,Uttar Pradesh,Pauri-adjacent hill fringe,Upper Ganga hill transition,30.0,78.0,low,regional_context,representative_hotspot_reference,approximate_cluster_reference_point,True,True,Reference cluster only; use dynamic 7-color status only when supported by authoritative/current evidence.,Curated representative shortlist informed by ISRO/NRSC Landslide Atlas coverage and regional landslide-prone terrain; replace/augment with authoritative event geometries for production.
OTH-002,Central Indian hill terrain,Chhattisgarh,Bastar,Bastar hill terrain,19.1,81.95,low,regional_context,representative_hotspot_reference,approximate_cluster_reference_point,True,True,Reference cluster only; use dynamic 7-color status only when supported by authoritative/current evidence.,Curated representative shortlist informed by ISRO/NRSC Landslide Atlas coverage and regional landslide-prone terrain; replace/augment with authoritative event geometries for production.
OTH-003,Island hill terrain,Andaman & Nicobar Islands,South Andaman,Port Blair hill surroundings,11.62,92.74,low,regional_context,representative_hotspot_reference,approximate_cluster_reference_point,True,True,Reference cluster only; use dynamic 7-color status only when supported by authoritative/current evidence.,Curated representative shortlist informed by ISRO/NRSC Landslide Atlas coverage and regional landslide-prone terrain; replace/augment with authoritative event geometries for production.
OTH-004,Himalayan foothill,West Bengal,Jalpaiguri,Dooars-foothill transition,26.7,88.8,medium,foothill_context,representative_hotspot_reference,approximate_cluster_reference_point,True,True,Reference cluster only; use dynamic 7-color status only when supported by authoritative/current evidence.,Curated representative shortlist informed by ISRO/NRSC Landslide Atlas coverage and regional landslide-prone terrain; replace/augment with authoritative event geometries for production.
OTH-005,Western Ghats fringe,Gujarat,Dang,Saputara,20.58,73.75,medium,hill_terrain,representative_hotspot_reference,approximate_cluster_reference_point,True,True,Reference cluster only; use dynamic 7-color status only when supported by authoritative/current evidence.,Curated representative shortlist informed by ISRO/NRSC Landslide Atlas coverage and regional landslide-prone terrain; replace/augment with authoritative event geometries for production.
